emg_rms,emg_var,emg_mean,acc_mean,acc_std,acc_max,label
4.222294848225571e-05,1.7826406472396273e-09,-3.69771950792558e-07,9.963829466798275,0.04852694056573649,10.11159035067869,0
